Origin Airport,Destination Region Normalized,Year,Airline_Group,Departures,Total_Market_Departures,Market_Share,Market_Share_Squared,Route
DUS,EASTERN EUROPE,2015,AIR_BERLIN_GROUP,569.0,9275.0,0.06134770889487871,0.00376354138665078,DUS → EASTERN EUROPE
DUS,EASTERN EUROPE,2015,LUFTHANSA_GROUP,3861.0,9275.0,0.41628032345013477,0.17328930769174883,DUS → EASTERN EUROPE
DUS,EASTERN EUROPE,2015,LowCostCarrier_GROUP,1614.0,9275.0,0.17401617250673854,0.030281628293894986,DUS → EASTERN EUROPE
DUS,EASTERN EUROPE,2015,legacy_group,3231.0,9275.0,0.348355795148248,0.12135176001336812,DUS → EASTERN EUROPE
DUS,EASTERN EUROPE,2016,AIR_BERLIN_GROUP,200.0,8520.0,0.023474178403755867,0.0005510370517313583,DUS → EASTERN EUROPE
DUS,EASTERN EUROPE,2016,LUFTHANSA_GROUP,3360.0,8520.0,0.39436619718309857,0.15552469748065859,DUS → EASTERN EUROPE
DUS,EASTERN EUROPE,2016,LowCostCarrier_GROUP,1517.0,8520.0,0.17805164319248826,0.03170238764354515,DUS → EASTERN EUROPE
DUS,EASTERN EUROPE,2016,legacy_group,3443.0,8520.0,0.4041079812206573,0.16330326048623509,DUS → EASTERN EUROPE
DUS,EASTERN EUROPE,2017,AIR_BERLIN_GROUP,256.0,8910.0,0.0287317620650954,0.000825514151365255,DUS → EASTERN EUROPE
DUS,EASTERN EUROPE,2017,LUFTHANSA_GROUP,3474.0,8910.0,0.3898989898989899,0.15202122232425264,DUS → EASTERN EUROPE
DUS,EASTERN EUROPE,2017,LowCostCarrier_GROUP,1628.0,8910.0,0.18271604938271604,0.03338515470202713,DUS → EASTERN EUROPE
DUS,EASTERN EUROPE,2017,legacy_group,3552.0,8910.0,0.39865319865319865,0.15892437279642666,DUS → EASTERN EUROPE
DUS,EASTERN EUROPE,2018,AIR_BERLIN_GROUP,311.0,8930.0,0.03482642777155655,0.0012128800713274452,DUS → EASTERN EUROPE
DUS,EASTERN EUROPE,2018,LUFTHANSA_GROUP,3284.0,8930.0,0.36774916013437847,0.13523944477954075,DUS → EASTERN EUROPE
DUS,EASTERN EUROPE,2018,LowCostCarrier_GROUP,2145.0,8930.0,0.24020156774916013,0.057696793149154366,DUS → EASTERN EUROPE
DUS,EASTERN EUROPE,2018,NEW_ENTRANT,48.0,8930.0,0.005375139977603583,2.889212977883225e-05,DUS → EASTERN EUROPE
DUS,EASTERN EUROPE,2018,legacy_group,3142.0,8930.0,0.35184770436730123,0.12379680706853981,DUS → EASTERN EUROPE
DUS,EASTERN EUROPE,2019,AIR_BERLIN_GROUP,248.0,9943.0,0.024942170371115357,0.0006221118628217448,DUS → EASTERN EUROPE
DUS,EASTERN EUROPE,2019,LUFTHANSA_GROUP,4228.0,9943.0,0.42522377552046664,0.1808152592678802,DUS → EASTERN EUROPE
DUS,EASTERN EUROPE,2019,LowCostCarrier_GROUP,1954.0,9943.0,0.1965201649401589,0.038620175228107255,DUS → EASTERN EUROPE
DUS,EASTERN EUROPE,2019,legacy_group,3513.0,9943.0,0.35331388916825907,0.12483070427920084,DUS → EASTERN EUROPE
DUS,EASTERN EUROPE,2019,regional_and_others,0.0,9943.0,0.0,0.0,DUS → EASTERN EUROPE
DUS,GULF/MIDDLE EAST,2015,AIR_BERLIN_GROUP,327.0,525.0,0.6228571428571429,0.3879510204081633,DUS → GULF/MIDDLE EAST
DUS,GULF/MIDDLE EAST,2015,LUFTHANSA_GROUP,0.0,525.0,0.0,0.0,DUS → GULF/MIDDLE EAST
DUS,GULF/MIDDLE EAST,2015,LowCostCarrier_GROUP,198.0,525.0,0.37714285714285717,0.14223673469387757,DUS → GULF/MIDDLE EAST
DUS,GULF/MIDDLE EAST,2015,legacy_group,0.0,525.0,0.0,0.0,DUS → GULF/MIDDLE EAST
DUS,GULF/MIDDLE EAST,2016,AIR_BERLIN_GROUP,214.0,428.0,0.5,0.25,DUS → GULF/MIDDLE EAST
DUS,GULF/MIDDLE EAST,2016,LUFTHANSA_GROUP,0.0,428.0,0.0,0.0,DUS → GULF/MIDDLE EAST
DUS,GULF/MIDDLE EAST,2016,LowCostCarrier_GROUP,214.0,428.0,0.5,0.25,DUS → GULF/MIDDLE EAST
DUS,GULF/MIDDLE EAST,2017,LowCostCarrier_GROUP,246.0,246.0,1.0,1.0,DUS → GULF/MIDDLE EAST
DUS,GULF/MIDDLE EAST,2018,AIR_BERLIN_GROUP,0.0,229.0,0.0,0.0,DUS → GULF/MIDDLE EAST
DUS,GULF/MIDDLE EAST,2018,LowCostCarrier_GROUP,229.0,229.0,1.0,1.0,DUS → GULF/MIDDLE EAST
DUS,GULF/MIDDLE EAST,2019,LUFTHANSA_GROUP,67.0,67.0,1.0,1.0,DUS → GULF/MIDDLE EAST
DUS,GULF/MIDDLE EAST,2019,LowCostCarrier_GROUP,0.0,67.0,0.0,0.0,DUS → GULF/MIDDLE EAST
DUS,NORTH AFRICA,2015,AIR_BERLIN_GROUP,170.0,370.0,0.4594594594594595,0.2111029948867787,DUS → NORTH AFRICA
DUS,NORTH AFRICA,2015,LUFTHANSA_GROUP,49.0,370.0,0.13243243243243244,0.017538349159970785,DUS → NORTH AFRICA
DUS,NORTH AFRICA,2015,LowCostCarrier_GROUP,151.0,370.0,0.4081081081081081,0.16655222790357926,DUS → NORTH AFRICA
DUS,NORTH AFRICA,2016,AIR_BERLIN_GROUP,52.0,152.0,0.34210526315789475,0.11703601108033242,DUS → NORTH AFRICA
DUS,NORTH AFRICA,2016,LUFTHANSA_GROUP,0.0,152.0,0.0,0.0,DUS → NORTH AFRICA
DUS,NORTH AFRICA,2016,LowCostCarrier_GROUP,100.0,152.0,0.6578947368421053,0.432825484764543,DUS → NORTH AFRICA
DUS,NORTH AFRICA,2017,AIR_BERLIN_GROUP,12.0,207.0,0.057971014492753624,0.003360638521319051,DUS → NORTH AFRICA
DUS,NORTH AFRICA,2017,LUFTHANSA_GROUP,139.0,207.0,0.6714975845410628,0.45090900604448175,DUS → NORTH AFRICA
DUS,NORTH AFRICA,2017,LowCostCarrier_GROUP,56.0,207.0,0.27053140096618356,0.07318723890872599,DUS → NORTH AFRICA
DUS,NORTH AFRICA,2018,AIR_BERLIN_GROUP,2.0,500.0,0.004,1.6e-05,DUS → NORTH AFRICA
DUS,NORTH AFRICA,2018,LUFTHANSA_GROUP,143.0,500.0,0.286,0.08179599999999998,DUS → NORTH AFRICA
DUS,NORTH AFRICA,2018,LowCostCarrier_GROUP,355.0,500.0,0.71,0.5041,DUS → NORTH AFRICA
DUS,NORTH AFRICA,2019,AIR_BERLIN_GROUP,13.0,726.0,0.01790633608815427,0.000320636872101936,DUS → NORTH AFRICA
DUS,NORTH AFRICA,2019,LUFTHANSA_GROUP,245.0,726.0,0.33746556473829203,0.11388300738413437,DUS → NORTH AFRICA
DUS,NORTH AFRICA,2019,LowCostCarrier_GROUP,468.0,726.0,0.6446280991735537,0.41554538624410897,DUS → NORTH AFRICA
DUS,NORTH AFRICA,2019,NEW_ENTRANT,0.0,726.0,0.0,0.0,DUS → NORTH AFRICA
DUS,WESTERN EUROPE,2015,AIR_BERLIN_GROUP,14307.0,42505.0,0.3365956946241619,0.11329666163952204,DUS → WESTERN EUROPE
DUS,WESTERN EUROPE,2015,LUFTHANSA_GROUP,19678.0,42505.0,0.4629572991412775,0.21432946082818627,DUS → WESTERN EUROPE
DUS,WESTERN EUROPE,2015,LowCostCarrier_GROUP,4636.0,42505.0,0.10906952123279615,0.011896160461951369,DUS → WESTERN EUROPE
DUS,WESTERN EUROPE,2015,legacy_group,3879.0,42505.0,0.09125985178214328,0.00832836054729876,DUS → WESTERN EUROPE
DUS,WESTERN EUROPE,2015,regional_and_others,5.0,42505.0,0.00011763321962122103,1.3837574358454422e-08,DUS → WESTERN EUROPE
DUS,WESTERN EUROPE,2016,AIR_BERLIN_GROUP,15828.0,45683.0,0.34647461856708184,0.12004466131120485,DUS → WESTERN EUROPE
DUS,WESTERN EUROPE,2016,LUFTHANSA_GROUP,20693.0,45683.0,0.45296937591664294,0.20518125551831298,DUS → WESTERN EUROPE
DUS,WESTERN EUROPE,2016,LowCostCarrier_GROUP,5077.0,45683.0,0.11113543331217302,0.012351084537484456,DUS → WESTERN EUROPE
DUS,WESTERN EUROPE,2016,NEW_ENTRANT,4.0,45683.0,8.755992382286628e-05,7.666740259866145e-09,DUS → WESTERN EUROPE
DUS,WESTERN EUROPE,2016,legacy_group,4081.0,45683.0,0.08933301228027932,0.007980387083068535,DUS → WESTERN EUROPE
DUS,WESTERN EUROPE,2017,AIR_BERLIN_GROUP,18064.0,45998.0,0.3927127266402887,0.15422328566525015,DUS → WESTERN EUROPE
DUS,WESTERN EUROPE,2017,LUFTHANSA_GROUP,18409.0,45998.0,0.40021305274142355,0.16017048758460947,DUS → WESTERN EUROPE
DUS,WESTERN EUROPE,2017,LowCostCarrier_GROUP,5170.0,45998.0,0.11239619113874516,0.012632903782497337,DUS → WESTERN EUROPE
DUS,WESTERN EUROPE,2017,legacy_group,4355.0,45998.0,0.09467802947954258,0.008963929266129135,DUS → WESTERN EUROPE
DUS,WESTERN EUROPE,2018,AIR_BERLIN_GROUP,8190.0,44049.0,0.1859293060001362,0.034569706829692286,DUS → WESTERN EUROPE
DUS,WESTERN EUROPE,2018,LUFTHANSA_GROUP,22590.0,44049.0,0.5128379758904856,0.2630027895154503,DUS → WESTERN EUROPE
DUS,WESTERN EUROPE,2018,LowCostCarrier_GROUP,8832.0,44049.0,0.2005039841994143,0.040201847679838976,DUS → WESTERN EUROPE
DUS,WESTERN EUROPE,2018,NEW_ENTRANT,272.0,44049.0,0.006174941542373266,3.812990305172713e-05,DUS → WESTERN EUROPE
DUS,WESTERN EUROPE,2018,legacy_group,4165.0,44049.0,0.09455379236759064,0.008940419651093441,DUS → WESTERN EUROPE
DUS,WESTERN EUROPE,2018,regional_and_others,0.0,44049.0,0.0,0.0,DUS → WESTERN EUROPE
DUS,WESTERN EUROPE,2019,AIR_BERLIN_GROUP,8375.0,46407.0,0.18046846380933912,0.03256886642970274,DUS → WESTERN EUROPE
DUS,WESTERN EUROPE,2019,LUFTHANSA_GROUP,25286.0,46407.0,0.5448746956278148,0.2968884339355038,DUS → WESTERN EUROPE
DUS,WESTERN EUROPE,2019,LowCostCarrier_GROUP,7815.0,46407.0,0.1684013187665654,0.028359004162318367,DUS → WESTERN EUROPE
DUS,WESTERN EUROPE,2019,NEW_ENTRANT,428.0,46407.0,0.009222746568405629,8.50590542650378e-05,DUS → WESTERN EUROPE
DUS,WESTERN EUROPE,2019,legacy_group,4298.0,46407.0,0.0926153382032883,0.008577600870509473,DUS → WESTERN EUROPE
DUS,WESTERN EUROPE,2019,regional_and_others,205.0,46407.0,0.004417437024586808,1.9513749866190352e-05,DUS → WESTERN EUROPE
FRA,EASTERN EUROPE,2015,AIR_BERLIN_GROUP,0.0,21300.0,0.0,0.0,FRA → EASTERN EUROPE
FRA,EASTERN EUROPE,2015,LUFTHANSA_GROUP,14997.0,21300.0,0.7040845070422536,0.4957349930569332,FRA → EASTERN EUROPE
FRA,EASTERN EUROPE,2015,LowCostCarrier_GROUP,1324.0,21300.0,0.06215962441314554,0.003863818907183319,FRA → EASTERN EUROPE
FRA,EASTERN EUROPE,2015,legacy_group,4979.0,21300.0,0.23375586854460093,0.05464180607904075,FRA → EASTERN EUROPE
FRA,EASTERN EUROPE,2016,AIR_BERLIN_GROUP,0.0,20130.0,0.0,0.0,FRA → EASTERN EUROPE
FRA,EASTERN EUROPE,2016,LUFTHANSA_GROUP,14351.0,20130.0,0.712916045702931,0.5082492882207036,FRA → EASTERN EUROPE
FRA,EASTERN EUROPE,2016,LowCostCarrier_GROUP,881.0,20130.0,0.043765524093392946,0.0019154210991693585,FRA → EASTERN EUROPE
FRA,EASTERN EUROPE,2016,legacy_group,4898.0,20130.0,0.2433184302036761,0.0592038584767812,FRA → EASTERN EUROPE
FRA,EASTERN EUROPE,2017,AIR_BERLIN_GROUP,0.0,20341.0,0.0,0.0,FRA → EASTERN EUROPE
FRA,EASTERN EUROPE,2017,LUFTHANSA_GROUP,14582.0,20341.0,0.7168772430067352,0.5139129815409377,FRA → EASTERN EUROPE
FRA,EASTERN EUROPE,2017,LowCostCarrier_GROUP,1078.0,20341.0,0.052996411189223734,0.0028086195989372787,FRA → EASTERN EUROPE
FRA,EASTERN EUROPE,2017,NEW_ENTRANT,1.0,20341.0,4.916179145568064e-05,2.416881739131834e-09,FRA → EASTERN EUROPE
FRA,EASTERN EUROPE,2017,legacy_group,4680.0,20341.0,0.23007718401258542,0.052935510603161096,FRA → EASTERN EUROPE
FRA,EASTERN EUROPE,2018,LUFTHANSA_GROUP,16409.0,23393.0,0.7014491514555636,0.49203091207773025,FRA → EASTERN EUROPE
FRA,EASTERN EUROPE,2018,LowCostCarrier_GROUP,1541.0,23393.0,0.06587440687385115,0.004339437480981688,FRA → EASTERN EUROPE
FRA,EASTERN EUROPE,2018,NEW_ENTRANT,419.0,23393.0,0.01791134099944428,0.0003208161363983736,FRA → EASTERN EUROPE
FRA,EASTERN EUROPE,2018,legacy_group,5024.0,23393.0,0.21476510067114093,0.0461240484662853,FRA → EASTERN EUROPE
FRA,EASTERN EUROPE,2018,regional_and_others,0.0,23393.0,0.0,0.0,FRA → EASTERN EUROPE
FRA,EASTERN EUROPE,2019,LUFTHANSA_GROUP,16533.0,23654.0,0.6989515515346242,0.4885332713926584,FRA → EASTERN EUROPE
FRA,EASTERN EUROPE,2019,LowCostCarrier_GROUP,1790.0,23654.0,0.07567430455736873,0.005726600370241398,FRA → EASTERN EUROPE
FRA,EASTERN EUROPE,2019,NEW_ENTRANT,259.0,23654.0,0.010949522279529889,0.00011989203814992141,FRA → EASTERN EUROPE
FRA,EASTERN EUROPE,2019,legacy_group,5072.0,23654.0,0.21442462162847722,0.045977918360515624,FRA → EASTERN EUROPE
FRA,EASTERN EUROPE,2019,regional_and_others,0.0,23654.0,0.0,0.0,FRA → EASTERN EUROPE
FRA,GULF/MIDDLE EAST,2015,LUFTHANSA_GROUP,2513.0,2513.0,1.0,1.0,FRA → GULF/MIDDLE EAST
FRA,GULF/MIDDLE EAST,2015,legacy_group,0.0,2513.0,0.0,0.0,FRA → GULF/MIDDLE EAST
FRA,GULF/MIDDLE EAST,2016,LUFTHANSA_GROUP,2562.0,2562.0,1.0,1.0,FRA → GULF/MIDDLE EAST
FRA,GULF/MIDDLE EAST,2016,legacy_group,0.0,2562.0,0.0,0.0,FRA → GULF/MIDDLE EAST
FRA,GULF/MIDDLE EAST,2017,AIR_BERLIN_GROUP,0.0,2550.0,0.0,0.0,FRA → GULF/MIDDLE EAST
FRA,GULF/MIDDLE EAST,2017,LUFTHANSA_GROUP,2550.0,2550.0,1.0,1.0,FRA → GULF/MIDDLE EAST
FRA,GULF/MIDDLE EAST,2017,LowCostCarrier_GROUP,0.0,2550.0,0.0,0.0,FRA → GULF/MIDDLE EAST
FRA,GULF/MIDDLE EAST,2017,legacy_group,0.0,2550.0,0.0,0.0,FRA → GULF/MIDDLE EAST
FRA,GULF/MIDDLE EAST,2018,AIR_BERLIN_GROUP,0.0,2258.0,0.0,0.0,FRA → GULF/MIDDLE EAST
FRA,GULF/MIDDLE EAST,2018,LUFTHANSA_GROUP,2258.0,2258.0,1.0,1.0,FRA → GULF/MIDDLE EAST
FRA,GULF/MIDDLE EAST,2018,legacy_group,0.0,2258.0,0.0,0.0,FRA → GULF/MIDDLE EAST
FRA,GULF/MIDDLE EAST,2019,LUFTHANSA_GROUP,2325.0,2325.0,1.0,1.0,FRA → GULF/MIDDLE EAST
FRA,GULF/MIDDLE EAST,2019,LowCostCarrier_GROUP,0.0,2325.0,0.0,0.0,FRA → GULF/MIDDLE EAST
FRA,GULF/MIDDLE EAST,2019,legacy_group,0.0,2325.0,0.0,0.0,FRA → GULF/MIDDLE EAST
FRA,NORTH AFRICA,2015,AIR_BERLIN_GROUP,0.0,1445.0,0.0,0.0,FRA → NORTH AFRICA
FRA,NORTH AFRICA,2015,LUFTHANSA_GROUP,1289.0,1445.0,0.8920415224913495,0.7957380778486848,FRA → NORTH AFRICA
FRA,NORTH AFRICA,2015,LowCostCarrier_GROUP,156.0,1445.0,0.10795847750865052,0.011655032865985801,FRA → NORTH AFRICA
FRA,NORTH AFRICA,2016,LUFTHANSA_GROUP,1184.0,1211.0,0.9777043765483072,0.9559058479217141,FRA → NORTH AFRICA
FRA,NORTH AFRICA,2016,LowCostCarrier_GROUP,27.0,1211.0,0.022295623451692816,0.0004970948250996747,FRA → NORTH AFRICA
FRA,NORTH AFRICA,2017,LUFTHANSA_GROUP,1550.0,1659.0,0.9342977697408077,0.8729123225426473,FRA → NORTH AFRICA
FRA,NORTH AFRICA,2017,LowCostCarrier_GROUP,109.0,1659.0,0.06570223025919228,0.004316783061031922,FRA → NORTH AFRICA
FRA,NORTH AFRICA,2018,LUFTHANSA_GROUP,1396.0,1698.0,0.8221436984687868,0.6759202609319354,FRA → NORTH AFRICA
FRA,NORTH AFRICA,2018,LowCostCarrier_GROUP,302.0,1698.0,0.17785630153121318,0.031632863994361826,FRA → NORTH AFRICA
FRA,NORTH AFRICA,2018,NEW_ENTRANT,0.0,1698.0,0.0,0.0,FRA → NORTH AFRICA
FRA,NORTH AFRICA,2019,LUFTHANSA_GROUP,1443.0,2014.0,0.7164846077457795,0.5133501931366234,FRA → NORTH AFRICA
FRA,NORTH AFRICA,2019,LowCostCarrier_GROUP,571.0,2014.0,0.28351539225422046,0.0803809776450645,FRA → NORTH AFRICA
FRA,WESTERN EUROPE,2015,AIR_BERLIN_GROUP,2043.0,81081.0,0.025197025197025196,0.0006348900787795227,FRA → WESTERN EUROPE
FRA,WESTERN EUROPE,2015,LUFTHANSA_GROUP,66636.0,81081.0,0.8218448218448219,0.675428911193147,FRA → WESTERN EUROPE
FRA,WESTERN EUROPE,2015,LowCostCarrier_GROUP,3085.0,81081.0,0.038048371381704714,0.0014476785648001264,FRA → WESTERN EUROPE
FRA,WESTERN EUROPE,2015,NEW_ENTRANT,428.0,81081.0,0.005278671945338612,2.7864377506504924e-05,FRA → WESTERN EUROPE
FRA,WESTERN EUROPE,2015,legacy_group,8889.0,81081.0,0.10963110963110963,0.012018980198948379,FRA → WESTERN EUROPE
FRA,WESTERN EUROPE,2016,AIR_BERLIN_GROUP,1955.0,80263.0,0.02435742496542616,0.0005932841509463657,FRA → WESTERN EUROPE
FRA,WESTERN EUROPE,2016,LUFTHANSA_GROUP,66587.0,80263.0,0.8296101566101441,0.6882530119507079,FRA → WESTERN EUROPE
FRA,WESTERN EUROPE,2016,LowCostCarrier_GROUP,3351.0,80263.0,0.04175024606605784,0.001743083046576378,FRA → WESTERN EUROPE
FRA,WESTERN EUROPE,2016,NEW_ENTRANT,618.0,80263.0,0.007699687278073334,5.9285184180124344e-05,FRA → WESTERN EUROPE
FRA,WESTERN EUROPE,2016,legacy_group,7751.0,80263.0,0.09657002603939549,0.009325769929249522,FRA → WESTERN EUROPE
FRA,WESTERN EUROPE,2016,regional_and_others,1.0,80263.0,1.2459040903031285e-05,1.552277002234066e-10,FRA → WESTERN EUROPE
FRA,WESTERN EUROPE,2017,AIR_BERLIN_GROUP,943.0,82771.0,0.011392879148494038,0.00012979769529219024,FRA → WESTERN EUROPE
FRA,WESTERN EUROPE,2017,LUFTHANSA_GROUP,67383.0,82771.0,0.8140894757825808,0.6627416745799573,FRA → WESTERN EUROPE
FRA,WESTERN EUROPE,2017,LowCostCarrier_GROUP,5914.0,82771.0,0.07145014558238996,0.00510512330374472,FRA → WESTERN EUROPE
FRA,WESTERN EUROPE,2017,NEW_ENTRANT,644.0,82771.0,0.007780502833117879,6.053622433615535e-05,FRA → WESTERN EUROPE
FRA,WESTERN EUROPE,2017,legacy_group,7887.0,82771.0,0.09528699665341726,0.009079611731228353,FRA → WESTERN EUROPE
FRA,WESTERN EUROPE,2018,AIR_BERLIN_GROUP,429.0,91717.0,0.0046774316647949675,2.187836697882662e-05,FRA → WESTERN EUROPE
FRA,WESTERN EUROPE,2018,LUFTHANSA_GROUP,71863.0,91717.0,0.7835297709257826,0.6139189019270093,FRA → WESTERN EUROPE
FRA,WESTERN EUROPE,2018,LowCostCarrier_GROUP,9923.0,91717.0,0.10819150212065375,0.011705401131123424,FRA → WESTERN EUROPE
FRA,WESTERN EUROPE,2018,NEW_ENTRANT,1923.0,91717.0,0.020966669210724292,0.00043960121779193403,FRA → WESTERN EUROPE
FRA,WESTERN EUROPE,2018,legacy_group,7577.0,91717.0,0.08261281986981693,0.006824878006842819,FRA → WESTERN EUROPE
FRA,WESTERN EUROPE,2018,regional_and_others,2.0,91717.0,2.1806208227482363e-05,4.755107172603195e-10,FRA → WESTERN EUROPE
FRA,WESTERN EUROPE,2019,LUFTHANSA_GROUP,72119.0,91344.0,0.7895318794885269,0.6233605887286857,FRA → WESTERN EUROPE
FRA,WESTERN EUROPE,2019,LowCostCarrier_GROUP,10164.0,91344.0,0.11127167630057803,0.01238138594674062,FRA → WESTERN EUROPE
FRA,WESTERN EUROPE,2019,NEW_ENTRANT,1845.0,91344.0,0.02019837099316868,0.0004079741907776779,FRA → WESTERN EUROPE
FRA,WESTERN EUROPE,2019,legacy_group,7216.0,91344.0,0.0789980732177264,0.0062406955721132605,FRA → WESTERN EUROPE
HAM,EASTERN EUROPE,2015,AIR_BERLIN_GROUP,0.0,4057.0,0.0,0.0,HAM → EASTERN EUROPE
HAM,EASTERN EUROPE,2015,LUFTHANSA_GROUP,1039.0,4057.0,0.25610056692137045,0.06558750037744734,HAM → EASTERN EUROPE
HAM,EASTERN EUROPE,2015,LowCostCarrier_GROUP,682.0,4057.0,0.16810451072220853,0.02825912652515312,HAM → EASTERN EUROPE
HAM,EASTERN EUROPE,2015,legacy_group,2336.0,4057.0,0.575794922356421,0.33153979261143696,HAM → EASTERN EUROPE
HAM,EASTERN EUROPE,2016,AIR_BERLIN_GROUP,2.0,4183.0,0.0004781257470714798,2.2860423001266067e-07,HAM → EASTERN EUROPE
HAM,EASTERN EUROPE,2016,LUFTHANSA_GROUP,886.0,4183.0,0.21180970595266554,0.044863351535754645,HAM → EASTERN EUROPE
HAM,EASTERN EUROPE,2016,LowCostCarrier_GROUP,840.0,4183.0,0.20081281377002153,0.040325786174233345,HAM → EASTERN EUROPE
HAM,EASTERN EUROPE,2016,NEW_ENTRANT,0.0,4183.0,0.0,0.0,HAM → EASTERN EUROPE
HAM,EASTERN EUROPE,2016,legacy_group,2455.0,4183.0,0.5868993545302414,0.34445085234801404,HAM → EASTERN EUROPE
HAM,EASTERN EUROPE,2017,AIR_BERLIN_GROUP,98.0,4723.0,0.02074952360787635,0.00043054272995381794,HAM → EASTERN EUROPE
HAM,EASTERN EUROPE,2017,LUFTHANSA_GROUP,904.0,4723.0,0.19140376879102267,0.03663540270740726,HAM → EASTERN EUROPE
HAM,EASTERN EUROPE,2017,LowCostCarrier_GROUP,1140.0,4723.0,0.24137200931611263,0.05826044688129756,HAM → EASTERN EUROPE
HAM,EASTERN EUROPE,2017,legacy_group,2581.0,4723.0,0.5464746982849884,0.2986345958656691,HAM → EASTERN EUROPE
HAM,EASTERN EUROPE,2018,LUFTHANSA_GROUP,898.0,4478.0,0.2005359535506923,0.04021466866648542,HAM → EASTERN EUROPE
HAM,EASTERN EUROPE,2018,LowCostCarrier_GROUP,1152.0,4478.0,0.2572577043322912,0.06618152643832058,HAM → EASTERN EUROPE
HAM,EASTERN EUROPE,2018,legacy_group,2428.0,4478.0,0.5422063421170166,0.2939877174319152,HAM → EASTERN EUROPE
HAM,EASTERN EUROPE,2019,LUFTHANSA_GROUP,723.0,4477.0,0.16149207058297968,0.02607968886117809,HAM → EASTERN EUROPE
HAM,EASTERN EUROPE,2019,LowCostCarrier_GROUP,1122.0,4477.0,0.25061425061425063,0.06280750261094242,HAM → EASTERN EUROPE
HAM,EASTERN EUROPE,2019,legacy_group,2632.0,4477.0,0.5878936788027697,0.3456189775762541,HAM → EASTERN EUROPE
HAM,EASTERN EUROPE,2019,regional_and_others,0.0,4477.0,0.0,0.0,HAM → EASTERN EUROPE
HAM,GULF/MIDDLE EAST,2015,LowCostCarrier_GROUP,104.0,104.0,1.0,1.0,HAM → GULF/MIDDLE EAST
HAM,GULF/MIDDLE EAST,2016,LowCostCarrier_GROUP,113.0,113.0,1.0,1.0,HAM → GULF/MIDDLE EAST
HAM,GULF/MIDDLE EAST,2017,LowCostCarrier_GROUP,121.0,130.0,0.9307692307692308,0.8663313609467456,HAM → GULF/MIDDLE EAST
HAM,GULF/MIDDLE EAST,2017,NEW_ENTRANT,9.0,130.0,0.06923076923076923,0.004792899408284024,HAM → GULF/MIDDLE EAST
HAM,GULF/MIDDLE EAST,2018,LowCostCarrier_GROUP,122.0,152.0,0.8026315789473685,0.6442174515235458,HAM → GULF/MIDDLE EAST
HAM,GULF/MIDDLE EAST,2018,NEW_ENTRANT,30.0,152.0,0.19736842105263158,0.03895429362880887,HAM → GULF/MIDDLE EAST
HAM,GULF/MIDDLE EAST,2019,LowCostCarrier_GROUP,0.0,30.0,0.0,0.0,HAM → GULF/MIDDLE EAST
HAM,GULF/MIDDLE EAST,2019,NEW_ENTRANT,30.0,30.0,1.0,1.0,HAM → GULF/MIDDLE EAST
HAM,NORTH AFRICA,2015,LUFTHANSA_GROUP,3.0,112.0,0.026785714285714284,0.0007174744897959183,HAM → NORTH AFRICA
HAM,NORTH AFRICA,2015,LowCostCarrier_GROUP,109.0,112.0,0.9732142857142857,0.9471460459183673,HAM → NORTH AFRICA
HAM,NORTH AFRICA,2016,LowCostCarrier_GROUP,23.0,23.0,1.0,1.0,HAM → NORTH AFRICA
HAM,NORTH AFRICA,2017,LUFTHANSA_GROUP,26.0,39.0,0.6666666666666666,0.4444444444444444,HAM → NORTH AFRICA
HAM,NORTH AFRICA,2017,LowCostCarrier_GROUP,13.0,39.0,0.3333333333333333,0.1111111111111111,HAM → NORTH AFRICA
HAM,NORTH AFRICA,2018,LowCostCarrier_GROUP,162.0,162.0,1.0,1.0,HAM → NORTH AFRICA
HAM,NORTH AFRICA,2019,LUFTHANSA_GROUP,0.0,273.0,0.0,0.0,HAM → NORTH AFRICA
HAM,NORTH AFRICA,2019,LowCostCarrier_GROUP,251.0,273.0,0.9194139194139194,0.845321955212065,HAM → NORTH AFRICA
HAM,NORTH AFRICA,2019,NEW_ENTRANT,22.0,273.0,0.08058608058608059,0.006494116384226275,HAM → NORTH AFRICA
HAM,WESTERN EUROPE,2015,AIR_BERLIN_GROUP,5318.0,34359.0,0.15477749643470415,0.023956073402594855,HAM → WESTERN EUROPE
HAM,WESTERN EUROPE,2015,LUFTHANSA_GROUP,18287.0,34359.0,0.5322331849006083,0.28327216310944514,HAM → WESTERN EUROPE
HAM,WESTERN EUROPE,2015,LowCostCarrier_GROUP,6251.0,34359.0,0.18193195378212404,0.03309923580698092,HAM → WESTERN EUROPE
HAM,WESTERN EUROPE,2015,legacy_group,4503.0,34359.0,0.13105736488256353,0.017176032889961397,HAM → WESTERN EUROPE
HAM,WESTERN EUROPE,2016,AIR_BERLIN_GROUP,4114.0,33904.0,0.12134261444077395,0.014724030079322322,HAM → WESTERN EUROPE
HAM,WESTERN EUROPE,2016,LUFTHANSA_GROUP,18617.0,33904.0,0.5491092496460594,0.30152096804685846,HAM → WESTERN EUROPE
HAM,WESTERN EUROPE,2016,LowCostCarrier_GROUP,6979.0,33904.0,0.20584591788579518,0.04237254191024553,HAM → WESTERN EUROPE
HAM,WESTERN EUROPE,2016,NEW_ENTRANT,0.0,33904.0,0.0,0.0,HAM → WESTERN EUROPE
HAM,WESTERN EUROPE,2016,legacy_group,4194.0,33904.0,0.1237022180273714,0.01530223874489133,HAM → WESTERN EUROPE
HAM,WESTERN EUROPE,2017,AIR_BERLIN_GROUP,6521.0,34844.0,0.18714843301572723,0.03502453598024214,HAM → WESTERN EUROPE
HAM,WESTERN EUROPE,2017,LUFTHANSA_GROUP,14996.0,34844.0,0.4303753874411663,0.18522297411513403,HAM → WESTERN EUROPE
HAM,WESTERN EUROPE,2017,LowCostCarrier_GROUP,8793.0,34844.0,0.2523533463437034,0.06368221141086511,HAM → WESTERN EUROPE
HAM,WESTERN EUROPE,2017,legacy_group,4534.0,34844.0,0.13012283319940304,0.016931951719839668,HAM → WESTERN EUROPE
HAM,WESTERN EUROPE,2018,AIR_BERLIN_GROUP,637.0,33115.0,0.019235995772308622,0.0003700235333522752,HAM → WESTERN EUROPE
HAM,WESTERN EUROPE,2018,LUFTHANSA_GROUP,19706.0,33115.0,0.5950777593235694,0.35411753964156,HAM → WESTERN EUROPE
HAM,WESTERN EUROPE,2018,LowCostCarrier_GROUP,8055.0,33115.0,0.24324324324324326,0.059167275383491605,HAM → WESTERN EUROPE
HAM,WESTERN EUROPE,2018,legacy_group,4683.0,33115.0,0.14141627661180733,0.019998563290747205,HAM → WESTERN EUROPE
HAM,WESTERN EUROPE,2018,regional_and_others,34.0,33115.0,0.0010267250490714178,1.0541643263907052e-06,HAM → WESTERN EUROPE
HAM,WESTERN EUROPE,2019,AIR_BERLIN_GROUP,128.0,33302.0,0.0038436129962164433,1.4773360864683944e-05,HAM → WESTERN EUROPE
HAM,WESTERN EUROPE,2019,LUFTHANSA_GROUP,20193.0,33302.0,0.6063599783796769,0.36767242338060224,HAM → WESTERN EUROPE
HAM,WESTERN EUROPE,2019,LowCostCarrier_GROUP,8143.0,33302.0,0.24451984865773826,0.059789956387603226,HAM → WESTERN EUROPE
HAM,WESTERN EUROPE,2019,NEW_ENTRANT,225.0,33302.0,0.006756350969911717,4.5648278428627004e-05,HAM → WESTERN EUROPE
HAM,WESTERN EUROPE,2019,legacy_group,4521.0,33302.0,0.1357576121554261,0.018430129258143094,HAM → WESTERN EUROPE
HAM,WESTERN EUROPE,2019,regional_and_others,92.0,33302.0,0.002762596841030569,7.631941306072079e-06,HAM → WESTERN EUROPE
MUC,EASTERN EUROPE,2015,AIR_BERLIN_GROUP,32.0,16938.0,0.0018892431219742591,3.5692395739270453e-06,MUC → EASTERN EUROPE
MUC,EASTERN EUROPE,2015,LUFTHANSA_GROUP,11962.0,16938.0,0.7062226945330027,0.4987504942734548,MUC → EASTERN EUROPE
MUC,EASTERN EUROPE,2015,LowCostCarrier_GROUP,837.0,16938.0,0.049415515409139216,0.0024418931631508753,MUC → EASTERN EUROPE
MUC,EASTERN EUROPE,2015,legacy_group,4107.0,16938.0,0.2424725469358838,0.05879293601757437,MUC → EASTERN EUROPE
MUC,EASTERN EUROPE,2016,AIR_BERLIN_GROUP,23.0,17763.0,0.0012948263243821427,1.6765752103129698e-06,MUC → EASTERN EUROPE
MUC,EASTERN EUROPE,2016,LUFTHANSA_GROUP,11995.0,17763.0,0.6752800765636435,0.4560031818038003,MUC → EASTERN EUROPE
MUC,EASTERN EUROPE,2016,LowCostCarrier_GROUP,858.0,17763.0,0.048302651579125146,0.002333146149574361,MUC → EASTERN EUROPE
MUC,EASTERN EUROPE,2016,legacy_group,4887.0,17763.0,0.2751224455328492,0.07569236003597557,MUC → EASTERN EUROPE
MUC,EASTERN EUROPE,2017,AIR_BERLIN_GROUP,0.0,17546.0,0.0,0.0,MUC → EASTERN EUROPE
MUC,EASTERN EUROPE,2017,LUFTHANSA_GROUP,12521.0,17546.0,0.7136099395873703,0.5092391458778903,MUC → EASTERN EUROPE
MUC,EASTERN EUROPE,2017,LowCostCarrier_GROUP,556.0,17546.0,0.031688134047646185,0.0010041378394215934,MUC → EASTERN EUROPE
MUC,EASTERN EUROPE,2017,NEW_ENTRANT,60.0,17546.0,0.0034195828108970704,1.1693546600582709e-05,MUC → EASTERN EUROPE
MUC,EASTERN EUROPE,2017,legacy_group,4409.0,17546.0,0.2512823435540864,0.0631428161820339,MUC → EASTERN EUROPE
MUC,EASTERN EUROPE,2018,LUFTHANSA_GROUP,12647.0,18406.0,0.6871128979680539,0.4721241345540572,MUC → EASTERN EUROPE
MUC,EASTERN EUROPE,2018,LowCostCarrier_GROUP,1350.0,18406.0,0.07334564815820928,0.005379584103747828,MUC → EASTERN EUROPE
MUC,EASTERN EUROPE,2018,NEW_ENTRANT,145.0,18406.0,0.007877865913289145,6.206077134776302e-05,MUC → EASTERN EUROPE
MUC,EASTERN EUROPE,2018,legacy_group,4264.0,18406.0,0.23166358796044767,0.053668017986708075,MUC → EASTERN EUROPE
MUC,EASTERN EUROPE,2019,LUFTHANSA_GROUP,11663.0,18917.0,0.6165353914468468,0.3801158889065166,MUC → EASTERN EUROPE
MUC,EASTERN EUROPE,2019,LowCostCarrier_GROUP,720.0,18917.0,0.038061003330337795,0.0014486399745119846,MUC → EASTERN EUROPE
MUC,EASTERN EUROPE,2019,NEW_ENTRANT,208.0,18917.0,0.010995400962097585,0.00012089884231729649,MUC → EASTERN EUROPE
MUC,EASTERN EUROPE,2019,legacy_group,6326.0,18917.0,0.3344082042607179,0.11182884707687801,MUC → EASTERN EUROPE
MUC,GULF/MIDDLE EAST,2015,AIR_BERLIN_GROUP,70.0,640.0,0.109375,0.011962890625,MUC → GULF/MIDDLE EAST
MUC,GULF/MIDDLE EAST,2015,LUFTHANSA_GROUP,504.0,640.0,0.7875,0.62015625,MUC → GULF/MIDDLE EAST
MUC,GULF/MIDDLE EAST,2015,LowCostCarrier_GROUP,66.0,640.0,0.103125,0.010634765624999999,MUC → GULF/MIDDLE EAST
MUC,GULF/MIDDLE EAST,2016,LUFTHANSA_GROUP,417.0,580.0,0.7189655172413794,0.5169114149821642,MUC → GULF/MIDDLE EAST
MUC,GULF/MIDDLE EAST,2016,LowCostCarrier_GROUP,163.0,580.0,0.2810344827586207,0.07898038049940548,MUC → GULF/MIDDLE EAST
MUC,GULF/MIDDLE EAST,2017,AIR_BERLIN_GROUP,0.0,676.0,0.0,0.0,MUC → GULF/MIDDLE EAST
MUC,GULF/MIDDLE EAST,2017,LUFTHANSA_GROUP,466.0,676.0,0.6893491124260355,0.47520219880256287,MUC → GULF/MIDDLE EAST
MUC,GULF/MIDDLE EAST,2017,LowCostCarrier_GROUP,210.0,676.0,0.3106508875739645,0.09650397395049191,MUC → GULF/MIDDLE EAST
MUC,GULF/MIDDLE EAST,2018,LUFTHANSA_GROUP,425.0,525.0,0.8095238095238095,0.655328798185941,MUC → GULF/MIDDLE EAST
MUC,GULF/MIDDLE EAST,2018,LowCostCarrier_GROUP,100.0,525.0,0.19047619047619047,0.03628117913832199,MUC → GULF/MIDDLE EAST
MUC,GULF/MIDDLE EAST,2018,legacy_group,0.0,525.0,0.0,0.0,MUC → GULF/MIDDLE EAST
MUC,GULF/MIDDLE EAST,2019,LUFTHANSA_GROUP,425.0,425.0,1.0,1.0,MUC → GULF/MIDDLE EAST
MUC,GULF/MIDDLE EAST,2019,LowCostCarrier_GROUP,0.0,425.0,0.0,0.0,MUC → GULF/MIDDLE EAST
MUC,GULF/MIDDLE EAST,2019,legacy_group,0.0,425.0,0.0,0.0,MUC → GULF/MIDDLE EAST
MUC,NORTH AFRICA,2015,AIR_BERLIN_GROUP,39.0,358.0,0.10893854748603352,0.01186760712836678,MUC → NORTH AFRICA
MUC,NORTH AFRICA,2015,LUFTHANSA_GROUP,197.0,358.0,0.5502793296089385,0.30280734059486286,MUC → NORTH AFRICA
MUC,NORTH AFRICA,2015,LowCostCarrier_GROUP,122.0,358.0,0.3407821229050279,0.11613245529165754,MUC → NORTH AFRICA
MUC,NORTH AFRICA,2016,AIR_BERLIN_GROUP,0.0,316.0,0.0,0.0,MUC → NORTH AFRICA
MUC,NORTH AFRICA,2016,LUFTHANSA_GROUP,176.0,316.0,0.5569620253164557,0.3102066976446082,MUC → NORTH AFRICA
MUC,NORTH AFRICA,2016,LowCostCarrier_GROUP,140.0,316.0,0.4430379746835443,0.19628264701169681,MUC → NORTH AFRICA
MUC,NORTH AFRICA,2017,AIR_BERLIN_GROUP,11.0,524.0,0.02099236641221374,0.0004406794475846396,MUC → NORTH AFRICA
MUC,NORTH AFRICA,2017,LUFTHANSA_GROUP,366.0,524.0,0.6984732824427481,0.4878649262863469,MUC → NORTH AFRICA
MUC,NORTH AFRICA,2017,LowCostCarrier_GROUP,138.0,524.0,0.2633587786259542,0.06935784627935435,MUC → NORTH AFRICA
MUC,NORTH AFRICA,2017,NEW_ENTRANT,9.0,524.0,0.01717557251908397,0.0002950002913583125,MUC → NORTH AFRICA
MUC,NORTH AFRICA,2017,legacy_group,0.0,524.0,0.0,0.0,MUC → NORTH AFRICA
MUC,NORTH AFRICA,2018,LUFTHANSA_GROUP,329.0,621.0,0.5297906602254429,0.28067814366211064,MUC → NORTH AFRICA
MUC,NORTH AFRICA,2018,LowCostCarrier_GROUP,232.0,621.0,0.37359098228663445,0.13957022204589242,MUC → NORTH AFRICA
MUC,NORTH AFRICA,2018,NEW_ENTRANT,60.0,621.0,0.0966183574879227,0.00933510700366403,MUC → NORTH AFRICA
MUC,NORTH AFRICA,2019,LUFTHANSA_GROUP,211.0,523.0,0.40344168260038243,0.16276519125942773,MUC → NORTH AFRICA
MUC,NORTH AFRICA,2019,LowCostCarrier_GROUP,282.0,523.0,0.5391969407265774,0.29073334088890024,MUC → NORTH AFRICA
MUC,NORTH AFRICA,2019,NEW_ENTRANT,30.0,523.0,0.05736137667304015,0.0032903275338263946,MUC → NORTH AFRICA
MUC,WESTERN EUROPE,2015,AIR_BERLIN_GROUP,7474.0,77924.0,0.09591396745546943,0.00919948915304885,MUC → WESTERN EUROPE
MUC,WESTERN EUROPE,2015,LUFTHANSA_GROUP,54196.0,77924.0,0.6954981777116165,0.48371771520017925,MUC → WESTERN EUROPE
MUC,WESTERN EUROPE,2015,LowCostCarrier_GROUP,6408.0,77924.0,0.0822339715620348,0.006762426078865548,MUC → WESTERN EUROPE
MUC,WESTERN EUROPE,2015,NEW_ENTRANT,428.0,77924.0,0.005492531184230789,3.0167898809747672e-05,MUC → WESTERN EUROPE
MUC,WESTERN EUROPE,2015,legacy_group,9418.0,77924.0,0.12086135208664853,0.01460746642821282,MUC → WESTERN EUROPE
MUC,WESTERN EUROPE,2016,AIR_BERLIN_GROUP,6106.0,81897.0,0.07455706558237786,0.005558756028254994,MUC → WESTERN EUROPE
MUC,WESTERN EUROPE,2016,LUFTHANSA_GROUP,54591.0,81897.0,0.6665811934503095,0.444330487461639,MUC → WESTERN EUROPE
MUC,WESTERN EUROPE,2016,LowCostCarrier_GROUP,10937.0,81897.0,0.1335457953282782,0.017834479449862373,MUC → WESTERN EUROPE
MUC,WESTERN EUROPE,2016,NEW_ENTRANT,449.0,81897.0,0.005482496306336008,3.005776574898797e-05,MUC → WESTERN EUROPE
MUC,WESTERN EUROPE,2016,legacy_group,9814.0,81897.0,0.11983344933269839,0.014360055578972393,MUC → WESTERN EUROPE
MUC,WESTERN EUROPE,2017,AIR_BERLIN_GROUP,9111.0,82631.0,0.11026128208541588,0.012157550327119654,MUC → WESTERN EUROPE
MUC,WESTERN EUROPE,2017,LUFTHANSA_GROUP,55452.0,82631.0,0.6710798610690903,0.4503481799325096,MUC → WESTERN EUROPE
MUC,WESTERN EUROPE,2017,LowCostCarrier_GROUP,7755.0,82631.0,0.09385097602594668,0.008808005701022819,MUC → WESTERN EUROPE
MUC,WESTERN EUROPE,2017,NEW_ENTRANT,500.0,82631.0,0.006050997809538793,3.6614574491043264e-05,MUC → WESTERN EUROPE
MUC,WESTERN EUROPE,2017,legacy_group,9813.0,82631.0,0.11875688301000835,0.01410319726225281,MUC → WESTERN EUROPE
MUC,WESTERN EUROPE,2018,AIR_BERLIN_GROUP,1165.0,85446.0,0.013634342157620017,0.00018589528607105445,MUC → WESTERN EUROPE
MUC,WESTERN EUROPE,2018,LUFTHANSA_GROUP,63584.0,85446.0,0.7441424993563186,0.5537480593482687,MUC → WESTERN EUROPE
MUC,WESTERN EUROPE,2018,LowCostCarrier_GROUP,10012.0,85446.0,0.11717341946960654,0.013729610230200367,MUC → WESTERN EUROPE
MUC,WESTERN EUROPE,2018,NEW_ENTRANT,526.0,85446.0,0.006155934742410411,3.7895532552815535e-05,MUC → WESTERN EUROPE
MUC,WESTERN EUROPE,2018,legacy_group,10124.0,85446.0,0.11848418884441636,0.014038503006119318,MUC → WESTERN EUROPE
MUC,WESTERN EUROPE,2018,regional_and_others,35.0,85446.0,0.0004096154296280692,1.677848001893877e-07,MUC → WESTERN EUROPE
MUC,WESTERN EUROPE,2019,AIR_BERLIN_GROUP,237.0,88783.0,0.002669429958437989,7.1258563030062446e-06,MUC → WESTERN EUROPE
MUC,WESTERN EUROPE,2019,LUFTHANSA_GROUP,67922.0,88783.0,0.7650338465697262,0.5852767863972713,MUC → WESTERN EUROPE
MUC,WESTERN EUROPE,2019,LowCostCarrier_GROUP,8737.0,88783.0,0.09840847910072874,0.009684228758918565,MUC → WESTERN EUROPE
MUC,WESTERN EUROPE,2019,NEW_ENTRANT,778.0,88783.0,0.008762938850906142,7.678909730472026e-05,MUC → WESTERN EUROPE
MUC,WESTERN EUROPE,2019,legacy_group,11018.0,88783.0,0.12410033452350112,0.015400893028844885,MUC → WESTERN EUROPE
MUC,WESTERN EUROPE,2019,regional_and_others,91.0,88783.0,0.0010249709966998186,1.0505655440758197e-06,MUC → WESTERN EUROPE
STR,EASTERN EUROPE,2015,AIR_BERLIN_GROUP,33.0,4687.0,0.007040751013441433,4.957217483327657e-05,STR → EASTERN EUROPE
STR,EASTERN EUROPE,2015,LUFTHANSA_GROUP,2096.0,4687.0,0.4471943673991893,0.19998280223356107,STR → EASTERN EUROPE
STR,EASTERN EUROPE,2015,LowCostCarrier_GROUP,997.0,4687.0,0.21271602304245787,0.04524810645899947,STR → EASTERN EUROPE
STR,EASTERN EUROPE,2015,legacy_group,1561.0,4687.0,0.33304885854491145,0.11092154217806843,STR → EASTERN EUROPE
STR,EASTERN EUROPE,2016,LUFTHANSA_GROUP,1819.0,4343.0,0.4188349067464886,0.1754226791093398,STR → EASTERN EUROPE
STR,EASTERN EUROPE,2016,LowCostCarrier_GROUP,957.0,4343.0,0.22035459359889478,0.04855614692013408,STR → EASTERN EUROPE
STR,EASTERN EUROPE,2016,legacy_group,1567.0,4343.0,0.36081049965461665,0.13018421666101412,STR → EASTERN EUROPE
STR,EASTERN EUROPE,2017,AIR_BERLIN_GROUP,319.0,4567.0,0.06984891613750821,0.004878871085584655,STR → EASTERN EUROPE
STR,EASTERN EUROPE,2017,LUFTHANSA_GROUP,1610.0,4567.0,0.35252901248084084,0.12427670464071684,STR → EASTERN EUROPE
STR,EASTERN EUROPE,2017,LowCostCarrier_GROUP,803.0,4567.0,0.17582658200131376,0.030914986938264714,STR → EASTERN EUROPE
STR,EASTERN EUROPE,2017,legacy_group,1835.0,4567.0,0.4017954893803372,0.16143961528638467,STR → EASTERN EUROPE
STR,EASTERN EUROPE,2018,AIR_BERLIN_GROUP,196.0,4705.0,0.04165781083953241,0.0017353732039422642,STR → EASTERN EUROPE
STR,EASTERN EUROPE,2018,LUFTHANSA_GROUP,1934.0,4705.0,0.4110520722635494,0.16896380611215822,STR → EASTERN EUROPE
STR,EASTERN EUROPE,2018,LowCostCarrier_GROUP,714.0,4705.0,0.15175345377258237,0.023029110731907294,STR → EASTERN EUROPE
STR,EASTERN EUROPE,2018,NEW_ENTRANT,27.0,4705.0,0.005738575982996812,3.293125431262782e-05,STR → EASTERN EUROPE
STR,EASTERN EUROPE,2018,legacy_group,1834.0,4705.0,0.389798087141339,0.15194254873904692,STR → EASTERN EUROPE
STR,EASTERN EUROPE,2019,AIR_BERLIN_GROUP,215.0,5654.0,0.038026176158471876,0.001445990073235135,STR → EASTERN EUROPE
STR,EASTERN EUROPE,2019,LUFTHANSA_GROUP,2215.0,5654.0,0.39175804740007075,0.15347436770271608,STR → EASTERN EUROPE
STR,EASTERN EUROPE,2019,LowCostCarrier_GROUP,857.0,5654.0,0.1515741068270251,0.022974709860410416,STR → EASTERN EUROPE
STR,EASTERN EUROPE,2019,NEW_ENTRANT,0.0,5654.0,0.0,0.0,STR → EASTERN EUROPE
STR,EASTERN EUROPE,2019,legacy_group,2367.0,5654.0,0.4186416696144323,0.17526084753755947,STR → EASTERN EUROPE
STR,EASTERN EUROPE,2019,regional_and_others,0.0,5654.0,0.0,0.0,STR → EASTERN EUROPE
STR,GULF/MIDDLE EAST,2015,AIR_BERLIN_GROUP,214.0,214.0,1.0,1.0,STR → GULF/MIDDLE EAST
STR,GULF/MIDDLE EAST,2016,AIR_BERLIN_GROUP,61.0,61.0,1.0,1.0,STR → GULF/MIDDLE EAST
STR,GULF/MIDDLE EAST,2019,LUFTHANSA_GROUP,21.0,21.0,1.0,1.0,STR → GULF/MIDDLE EAST
STR,NORTH AFRICA,2015,LUFTHANSA_GROUP,48.0,74.0,0.6486486486486487,0.4207450693937181,STR → NORTH AFRICA
STR,NORTH AFRICA,2015,LowCostCarrier_GROUP,26.0,74.0,0.35135135135135137,0.12344777209642076,STR → NORTH AFRICA
STR,NORTH AFRICA,2016,LowCostCarrier_GROUP,0.0,0.0,,,STR → NORTH AFRICA
STR,NORTH AFRICA,2017,LUFTHANSA_GROUP,61.0,69.0,0.8840579710144928,0.7815584961142618,STR → NORTH AFRICA
STR,NORTH AFRICA,2017,LowCostCarrier_GROUP,8.0,69.0,0.11594202898550725,0.013442554085276203,STR → NORTH AFRICA
STR,NORTH AFRICA,2018,LUFTHANSA_GROUP,97.0,98.0,0.9897959183673469,0.9796959600166597,STR → NORTH AFRICA
STR,NORTH AFRICA,2018,LowCostCarrier_GROUP,1.0,98.0,0.01020408163265306,0.00010412328196584754,STR → NORTH AFRICA
STR,NORTH AFRICA,2019,AIR_BERLIN_GROUP,1.0,214.0,0.004672897196261682,2.183596820683029e-05,STR → NORTH AFRICA
STR,NORTH AFRICA,2019,LUFTHANSA_GROUP,99.0,214.0,0.46261682242990654,0.21401432439514367,STR → NORTH AFRICA
STR,NORTH AFRICA,2019,LowCostCarrier_GROUP,114.0,214.0,0.5327102803738317,0.2837802428159664,STR → NORTH AFRICA
STR,NORTH AFRICA,2019,NEW_ENTRANT,0.0,214.0,0.0,0.0,STR → NORTH AFRICA
STR,WESTERN EUROPE,2015,AIR_BERLIN_GROUP,5617.0,23354.0,0.24051554337586709,0.0578477266053886,STR → WESTERN EUROPE
STR,WESTERN EUROPE,2015,LUFTHANSA_GROUP,12826.0,23354.0,0.54919928063715,0.301619849852363,STR → WESTERN EUROPE
STR,WESTERN EUROPE,2015,LowCostCarrier_GROUP,4065.0,23354.0,0.17406011818103964,0.030296924741197488,STR → WESTERN EUROPE
STR,WESTERN EUROPE,2015,legacy_group,846.0,23354.0,0.03622505780594331,0.0013122548130439344,STR → WESTERN EUROPE
STR,WESTERN EUROPE,2016,AIR_BERLIN_GROUP,4117.0,24122.0,0.17067407345991212,0.029129639351399478,STR → WESTERN EUROPE
STR,WESTERN EUROPE,2016,LUFTHANSA_GROUP,12823.0,24122.0,0.5315894204460658,0.28258731193018416,STR → WESTERN EUROPE
STR,WESTERN EUROPE,2016,LowCostCarrier_GROUP,6371.0,24122.0,0.2641157449631042,0.06975712673741549,STR → WESTERN EUROPE
STR,WESTERN EUROPE,2016,legacy_group,811.0,24122.0,0.03362076113091783,0.0011303555790222353,STR → WESTERN EUROPE
STR,WESTERN EUROPE,2017,AIR_BERLIN_GROUP,7031.0,22973.0,0.30605493405301876,0.09366962265819766,STR → WESTERN EUROPE
STR,WESTERN EUROPE,2017,LUFTHANSA_GROUP,10274.0,22973.0,0.44722065032864666,0.20000631008037764,STR → WESTERN EUROPE
STR,WESTERN EUROPE,2017,LowCostCarrier_GROUP,4775.0,22973.0,0.2078526966438863,0.043202743502135425,STR → WESTERN EUROPE
STR,WESTERN EUROPE,2017,NEW_ENTRANT,3.0,22973.0,0.0001305880816610804,1.7053247071921005e-08,STR → WESTERN EUROPE
STR,WESTERN EUROPE,2017,legacy_group,890.0,22973.0,0.03874113089278718,0.0015008752228520695,STR → WESTERN EUROPE
STR,WESTERN EUROPE,2018,AIR_BERLIN_GROUP,4686.0,24360.0,0.19236453201970444,0.03700411317915989,STR → WESTERN EUROPE
STR,WESTERN EUROPE,2018,LUFTHANSA_GROUP,13562.0,24360.0,0.5567323481116585,0.3099509074339209,STR → WESTERN EUROPE
STR,WESTERN EUROPE,2018,LowCostCarrier_GROUP,4642.0,24360.0,0.1905582922824302,0.0363124627575961,STR → WESTERN EUROPE
STR,WESTERN EUROPE,2018,NEW_ENTRANT,213.0,24360.0,0.008743842364532019,7.64547792957849e-05,STR → WESTERN EUROPE
STR,WESTERN EUROPE,2018,legacy_group,1257.0,24360.0,0.051600985221674875,0.002662661675847509,STR → WESTERN EUROPE
STR,WESTERN EUROPE,2019,AIR_BERLIN_GROUP,4698.0,26014.0,0.18059506419620205,0.03261457721203034,STR → WESTERN EUROPE
STR,WESTERN EUROPE,2019,LUFTHANSA_GROUP,12899.0,26014.0,0.4958483893288229,0.24586562519998795,STR → WESTERN EUROPE
STR,WESTERN EUROPE,2019,LowCostCarrier_GROUP,4982.0,26014.0,0.1915122626278158,0.036676946736825485,STR → WESTERN EUROPE
STR,WESTERN EUROPE,2019,NEW_ENTRANT,0.0,26014.0,0.0,0.0,STR → WESTERN EUROPE
STR,WESTERN EUROPE,2019,legacy_group,3435.0,26014.0,0.13204428384715922,0.017435692896709154,STR → WESTERN EUROPE
SXF,EASTERN EUROPE,2015,AIR_BERLIN_GROUP,0.0,1905.0,0.0,0.0,SXF → EASTERN EUROPE
SXF,EASTERN EUROPE,2015,LowCostCarrier_GROUP,1042.0,1905.0,0.546981627296588,0.29918890060002346,SXF → EASTERN EUROPE
SXF,EASTERN EUROPE,2015,legacy_group,863.0,1905.0,0.45301837270341205,0.20522564600684756,SXF → EASTERN EUROPE
SXF,EASTERN EUROPE,2016,LowCostCarrier_GROUP,2179.0,3250.0,0.6704615384615384,0.44951867455621297,SXF → EASTERN EUROPE
SXF,EASTERN EUROPE,2016,legacy_group,1071.0,3250.0,0.32953846153846156,0.1085955976331361,SXF → EASTERN EUROPE
SXF,EASTERN EUROPE,2017,LowCostCarrier_GROUP,2926.0,3997.0,0.7320490367775832,0.5358957922469872,SXF → EASTERN EUROPE
SXF,EASTERN EUROPE,2017,legacy_group,1071.0,3997.0,0.2679509632224168,0.07179771869182096,SXF → EASTERN EUROPE
SXF,EASTERN EUROPE,2018,LowCostCarrier_GROUP,3782.0,4923.0,0.7682307536055251,0.5901784907853129,SXF → EASTERN EUROPE
SXF,EASTERN EUROPE,2018,NEW_ENTRANT,70.0,4923.0,0.014218972171440178,0.0002021791696121902,SXF → EASTERN EUROPE
SXF,EASTERN EUROPE,2018,legacy_group,1071.0,4923.0,0.21755027422303475,0.047328121814517614,SXF → EASTERN EUROPE
SXF,EASTERN EUROPE,2019,LowCostCarrier_GROUP,3580.0,4739.0,0.7554336357881409,0.5706799780800895,SXF → EASTERN EUROPE
SXF,EASTERN EUROPE,2019,NEW_ENTRANT,88.0,4739.0,0.018569318421607934,0.0003448195866430678,SXF → EASTERN EUROPE
SXF,EASTERN EUROPE,2019,legacy_group,1071.0,4739.0,0.2259970457902511,0.05107466470592085,SXF → EASTERN EUROPE
SXF,EASTERN EUROPE,2019,regional_and_others,0.0,4739.0,0.0,0.0,SXF → EASTERN EUROPE
SXF,GULF/MIDDLE EAST,2015,LowCostCarrier_GROUP,267.0,267.0,1.0,1.0,SXF → GULF/MIDDLE EAST
SXF,GULF/MIDDLE EAST,2016,LowCostCarrier_GROUP,289.0,289.0,1.0,1.0,SXF → GULF/MIDDLE EAST
SXF,GULF/MIDDLE EAST,2017,LowCostCarrier_GROUP,329.0,329.0,1.0,1.0,SXF → GULF/MIDDLE EAST
SXF,GULF/MIDDLE EAST,2018,LowCostCarrier_GROUP,325.0,325.0,1.0,1.0,SXF → GULF/MIDDLE EAST
SXF,GULF/MIDDLE EAST,2019,LowCostCarrier_GROUP,123.0,123.0,1.0,1.0,SXF → GULF/MIDDLE EAST
SXF,NORTH AFRICA,2015,LUFTHANSA_GROUP,3.0,158.0,0.0189873417721519,0.0003605191475725044,SXF → NORTH AFRICA
SXF,NORTH AFRICA,2015,LowCostCarrier_GROUP,155.0,158.0,0.9810126582278481,0.9623858356032687,SXF → NORTH AFRICA
SXF,NORTH AFRICA,2016,LowCostCarrier_GROUP,4.0,4.0,1.0,1.0,SXF → NORTH AFRICA
SXF,NORTH AFRICA,2017,LowCostCarrier_GROUP,49.0,49.0,1.0,1.0,SXF → NORTH AFRICA
SXF,NORTH AFRICA,2018,LowCostCarrier_GROUP,101.0,101.0,1.0,1.0,SXF → NORTH AFRICA
SXF,NORTH AFRICA,2019,LowCostCarrier_GROUP,60.0,60.0,1.0,1.0,SXF → NORTH AFRICA
SXF,WESTERN EUROPE,2015,AIR_BERLIN_GROUP,10.0,13502.0,0.0007406310176270182,5.485343042712325e-07,SXF → WESTERN EUROPE
SXF,WESTERN EUROPE,2015,LUFTHANSA_GROUP,71.0,13502.0,0.00525848022515183,2.7651614278312837e-05,SXF → WESTERN EUROPE
SXF,WESTERN EUROPE,2015,LowCostCarrier_GROUP,12683.0,13502.0,0.9393423196563472,0.8823639934973672,SXF → WESTERN EUROPE
SXF,WESTERN EUROPE,2015,legacy_group,738.0,13502.0,0.054658569100873945,0.002987559176155012,SXF → WESTERN EUROPE
SXF,WESTERN EUROPE,2016,LUFTHANSA_GROUP,434.0,19031.0,0.022804897272870578,0.0005200633396261799,SXF → WESTERN EUROPE
SXF,WESTERN EUROPE,2016,LowCostCarrier_GROUP,18228.0,19031.0,0.9578056854605643,0.9173917311005815,SXF → WESTERN EUROPE
SXF,WESTERN EUROPE,2016,legacy_group,369.0,19031.0,0.019389417266565078,0.000375949501936972,SXF → WESTERN EUROPE
SXF,WESTERN EUROPE,2017,LUFTHANSA_GROUP,0.0,19663.0,0.0,0.0,SXF → WESTERN EUROPE
SXF,WESTERN EUROPE,2017,LowCostCarrier_GROUP,19663.0,19663.0,1.0,1.0,SXF → WESTERN EUROPE
SXF,WESTERN EUROPE,2017,legacy_group,0.0,19663.0,0.0,0.0,SXF → WESTERN EUROPE
SXF,WESTERN EUROPE,2018,AIR_BERLIN_GROUP,0.0,18565.0,0.0,0.0,SXF → WESTERN EUROPE
SXF,WESTERN EUROPE,2018,LUFTHANSA_GROUP,0.0,18565.0,0.0,0.0,SXF → WESTERN EUROPE
SXF,WESTERN EUROPE,2018,LowCostCarrier_GROUP,18565.0,18565.0,1.0,1.0,SXF → WESTERN EUROPE
SXF,WESTERN EUROPE,2018,legacy_group,0.0,18565.0,0.0,0.0,SXF → WESTERN EUROPE
SXF,WESTERN EUROPE,2019,AIR_BERLIN_GROUP,0.0,15112.0,0.0,0.0,SXF → WESTERN EUROPE
SXF,WESTERN EUROPE,2019,LUFTHANSA_GROUP,0.0,15112.0,0.0,0.0,SXF → WESTERN EUROPE
SXF,WESTERN EUROPE,2019,LowCostCarrier_GROUP,15112.0,15112.0,1.0,1.0,SXF → WESTERN EUROPE
SXF,WESTERN EUROPE,2019,legacy_group,0.0,15112.0,0.0,0.0,SXF → WESTERN EUROPE
TXL,EASTERN EUROPE,2015,AIR_BERLIN_GROUP,3135.0,6993.0,0.44830544830544833,0.200977774980349,TXL → EASTERN EUROPE
TXL,EASTERN EUROPE,2015,LUFTHANSA_GROUP,1009.0,6993.0,0.1442871442871443,0.020818780006539195,TXL → EASTERN EUROPE
TXL,EASTERN EUROPE,2015,LowCostCarrier_GROUP,229.0,6993.0,0.03274703274703275,0.0010723681537352352,TXL → EASTERN EUROPE
TXL,EASTERN EUROPE,2015,legacy_group,2620.0,6993.0,0.37466037466037466,0.14037039634065232,TXL → EASTERN EUROPE
TXL,EASTERN EUROPE,2016,AIR_BERLIN_GROUP,2557.0,6703.0,0.3814709831418768,0.14552011097923004,TXL → EASTERN EUROPE
TXL,EASTERN EUROPE,2016,LUFTHANSA_GROUP,783.0,6703.0,0.11681336714903774,0.01364536274469589,TXL → EASTERN EUROPE
TXL,EASTERN EUROPE,2016,LowCostCarrier_GROUP,617.0,6703.0,0.09204833656571684,0.008472896264515485,TXL → EASTERN EUROPE
TXL,EASTERN EUROPE,2016,legacy_group,2746.0,6703.0,0.4096673131433686,0.16782730745810684,TXL → EASTERN EUROPE
TXL,EASTERN EUROPE,2017,AIR_BERLIN_GROUP,3061.0,6599.0,0.4638581603273223,0.21516439290224784,TXL → EASTERN EUROPE
TXL,EASTERN EUROPE,2017,LUFTHANSA_GROUP,697.0,6599.0,0.10562206394908319,0.01115602039286422,TXL → EASTERN EUROPE
TXL,EASTERN EUROPE,2017,LowCostCarrier_GROUP,185.0,6599.0,0.028034550689498408,0.0007859360323620556,TXL → EASTERN EUROPE
TXL,EASTERN EUROPE,2017,legacy_group,2567.0,6599.0,0.3889983330807698,0.15131970313961754,TXL → EASTERN EUROPE
TXL,EASTERN EUROPE,2017,regional_and_others,89.0,6599.0,0.01348689195332626,0.00018189625456069665,TXL → EASTERN EUROPE
TXL,EASTERN EUROPE,2018,AIR_BERLIN_GROUP,0.0,4329.0,0.0,0.0,TXL → EASTERN EUROPE
TXL,EASTERN EUROPE,2018,LUFTHANSA_GROUP,722.0,4329.0,0.16678216678216679,0.0278162911565545,TXL → EASTERN EUROPE
TXL,EASTERN EUROPE,2018,LowCostCarrier_GROUP,575.0,4329.0,0.13282513282513284,0.01764251591001418,TXL → EASTERN EUROPE
TXL,EASTERN EUROPE,2018,NEW_ENTRANT,54.0,4329.0,0.012474012474012475,0.00015560098720181881,TXL → EASTERN EUROPE
TXL,EASTERN EUROPE,2018,legacy_group,2978.0,4329.0,0.6879186879186879,0.47323212118776914,TXL → EASTERN EUROPE
TXL,EASTERN EUROPE,2019,LUFTHANSA_GROUP,836.0,5302.0,0.15767634854771784,0.0248618308913414,TXL → EASTERN EUROPE
TXL,EASTERN EUROPE,2019,LowCostCarrier_GROUP,948.0,5302.0,0.17880045265937383,0.03196960187119698,TXL → EASTERN EUROPE
TXL,EASTERN EUROPE,2019,NEW_ENTRANT,115.0,5302.0,0.02168992832893248,0.0004704529909142277,TXL → EASTERN EUROPE
TXL,EASTERN EUROPE,2019,legacy_group,3403.0,5302.0,0.6418332704639759,0.4119499470744832,TXL → EASTERN EUROPE
TXL,EASTERN EUROPE,2019,regional_and_others,0.0,5302.0,0.0,0.0,TXL → EASTERN EUROPE
TXL,GULF/MIDDLE EAST,2015,AIR_BERLIN_GROUP,641.0,702.0,0.9131054131054132,0.8337614954424072,TXL → GULF/MIDDLE EAST
TXL,GULF/MIDDLE EAST,2015,LUFTHANSA_GROUP,61.0,702.0,0.0868945868945869,0.007550669231580914,TXL → GULF/MIDDLE EAST
TXL,GULF/MIDDLE EAST,2015,LowCostCarrier_GROUP,0.0,702.0,0.0,0.0,TXL → GULF/MIDDLE EAST
TXL,GULF/MIDDLE EAST,2015,legacy_group,0.0,702.0,0.0,0.0,TXL → GULF/MIDDLE EAST
TXL,GULF/MIDDLE EAST,2016,AIR_BERLIN_GROUP,610.0,643.0,0.9486780715396579,0.8999900834202043,TXL → GULF/MIDDLE EAST
TXL,GULF/MIDDLE EAST,2016,LowCostCarrier_GROUP,33.0,643.0,0.05132192846034215,0.0026339403408884776,TXL → GULF/MIDDLE EAST
TXL,GULF/MIDDLE EAST,2016,legacy_group,0.0,643.0,0.0,0.0,TXL → GULF/MIDDLE EAST
TXL,GULF/MIDDLE EAST,2017,AIR_BERLIN_GROUP,791.0,791.0,1.0,1.0,TXL → GULF/MIDDLE EAST
TXL,GULF/MIDDLE EAST,2018,AIR_BERLIN_GROUP,0.0,305.0,0.0,0.0,TXL → GULF/MIDDLE EAST
TXL,GULF/MIDDLE EAST,2018,LowCostCarrier_GROUP,305.0,305.0,1.0,1.0,TXL → GULF/MIDDLE EAST
TXL,GULF/MIDDLE EAST,2019,LowCostCarrier_GROUP,158.0,158.0,1.0,1.0,TXL → GULF/MIDDLE EAST
TXL,GULF/MIDDLE EAST,2019,NEW_ENTRANT,0.0,158.0,0.0,0.0,TXL → GULF/MIDDLE EAST
TXL,NORTH AFRICA,2015,AIR_BERLIN_GROUP,75.0,75.0,1.0,1.0,TXL → NORTH AFRICA
TXL,NORTH AFRICA,2015,LowCostCarrier_GROUP,0.0,75.0,0.0,0.0,TXL → NORTH AFRICA
TXL,NORTH AFRICA,2016,AIR_BERLIN_GROUP,5.0,36.0,0.1388888888888889,0.019290123456790126,TXL → NORTH AFRICA
TXL,NORTH AFRICA,2016,LowCostCarrier_GROUP,31.0,36.0,0.8611111111111112,0.7415123456790125,TXL → NORTH AFRICA
TXL,NORTH AFRICA,2017,AIR_BERLIN_GROUP,14.0,39.0,0.358974358974359,0.12886259040105194,TXL → NORTH AFRICA
TXL,NORTH AFRICA,2017,LowCostCarrier_GROUP,25.0,39.0,0.6410256410256411,0.4109138724523341,TXL → NORTH AFRICA
TXL,NORTH AFRICA,2018,AIR_BERLIN_GROUP,2.0,144.0,0.013888888888888888,0.00019290123456790122,TXL → NORTH AFRICA
TXL,NORTH AFRICA,2018,LowCostCarrier_GROUP,83.0,144.0,0.5763888888888888,0.33222415123456783,TXL → NORTH AFRICA
TXL,NORTH AFRICA,2018,NEW_ENTRANT,59.0,144.0,0.4097222222222222,0.16787229938271603,TXL → NORTH AFRICA
TXL,NORTH AFRICA,2019,LowCostCarrier_GROUP,11.0,63.0,0.1746031746031746,0.030486268581506673,TXL → NORTH AFRICA
TXL,NORTH AFRICA,2019,NEW_ENTRANT,52.0,63.0,0.8253968253968254,0.6812799193751574,TXL → NORTH AFRICA
TXL,WESTERN EUROPE,2015,AIR_BERLIN_GROUP,17585.0,41789.0,0.42080451793534185,0.17707644231479544,TXL → WESTERN EUROPE
TXL,WESTERN EUROPE,2015,LUFTHANSA_GROUP,15579.0,41789.0,0.37280145492833044,0.13898092479668,TXL → WESTERN EUROPE
TXL,WESTERN EUROPE,2015,LowCostCarrier_GROUP,2464.0,41789.0,0.058962884969728874,0.003476621803953479,TXL → WESTERN EUROPE
TXL,WESTERN EUROPE,2015,legacy_group,6161.0,41789.0,0.14743114216659886,0.021735941680547884,TXL → WESTERN EUROPE
TXL,WESTERN EUROPE,2016,AIR_BERLIN_GROUP,14061.0,42579.0,0.3302332135559783,0.10905397533550837,TXL → WESTERN EUROPE
TXL,WESTERN EUROPE,2016,LUFTHANSA_GROUP,16342.0,42579.0,0.38380422273890885,0.14730568139221795,TXL → WESTERN EUROPE
TXL,WESTERN EUROPE,2016,LowCostCarrier_GROUP,5587.0,42579.0,0.13121491815214073,0.01721735474567299,TXL → WESTERN EUROPE
TXL,WESTERN EUROPE,2016,legacy_group,6589.0,42579.0,0.15474764555297213,0.023946833804188297,TXL → WESTERN EUROPE
TXL,WESTERN EUROPE,2017,AIR_BERLIN_GROUP,18360.0,43781.0,0.41935999634544663,0.175862806534853,TXL → WESTERN EUROPE
TXL,WESTERN EUROPE,2017,LUFTHANSA_GROUP,15173.0,43781.0,0.3465658619035655,0.12010789663696121,TXL → WESTERN EUROPE
TXL,WESTERN EUROPE,2017,LowCostCarrier_GROUP,3249.0,43781.0,0.0742102738630913,0.0055071647468350115,TXL → WESTERN EUROPE
TXL,WESTERN EUROPE,2017,NEW_ENTRANT,0.0,43781.0,0.0,0.0,TXL → WESTERN EUROPE
TXL,WESTERN EUROPE,2017,legacy_group,6999.0,43781.0,0.15986386788789658,0.02555645625607885,TXL → WESTERN EUROPE
TXL,WESTERN EUROPE,2018,AIR_BERLIN_GROUP,5560.0,46430.0,0.11975016153349127,0.014340101187297253,TXL → WESTERN EUROPE
TXL,WESTERN EUROPE,2018,LUFTHANSA_GROUP,17698.0,46430.0,0.38117596381649793,0.14529511539143614,TXL → WESTERN EUROPE
TXL,WESTERN EUROPE,2018,LowCostCarrier_GROUP,16506.0,46430.0,0.355502907602843,0.1263823173140755,TXL → WESTERN EUROPE
TXL,WESTERN EUROPE,2018,NEW_ENTRANT,279.0,46430.0,0.006009045875511523,3.610863233400204e-05,TXL → WESTERN EUROPE
TXL,WESTERN EUROPE,2018,legacy_group,6387.0,46430.0,0.13756192117165625,0.018923282156436967,TXL → WESTERN EUROPE
TXL,WESTERN EUROPE,2019,AIR_BERLIN_GROUP,237.0,47496.0,0.00498989388580091,2.48990409915533e-05,TXL → WESTERN EUROPE
TXL,WESTERN EUROPE,2019,LUFTHANSA_GROUP,19286.0,47496.0,0.40605524675762167,0.164880863419393,TXL → WESTERN EUROPE
TXL,WESTERN EUROPE,2019,LowCostCarrier_GROUP,20599.0,47496.0,0.43369967997305037,0.1880954124087263,TXL → WESTERN EUROPE
TXL,WESTERN EUROPE,2019,NEW_ENTRANT,25.0,47496.0,0.0005263601145359609,2.770549701743099e-07,TXL → WESTERN EUROPE
TXL,WESTERN EUROPE,2019,legacy_group,7349.0,47496.0,0.15472881926899107,0.023941007512376104,TXL → WESTERN EUROPE
